{
  "name": "spellbook",
  "title": "法术书",
  "description": "提供一个独立于系统的法术书界面。",
  "version": "1.4.0",
  "author": "EternalRider",
  "dependencies": [
  ],
  "socket": true,
  "esmodules": ["./scripts/init.js"],
  "scripts": [],
  "styles": [
    "./styles/module.css"
  ],
  "packs": [],
  "url": "https://github.com/fvtt-cn/spellbook",
  "compatibility": {
        "minimum": "11",
        "maximum": "12",
        "verified": "11"
    },
  "manifest": "https://github.com/fvtt-cn/spellbook/releases/download/1.3.0/module.json",
  "download": "https://github.com/fvtt-cn/spellbook/releases/download/1.3.0/spellbook.zip"
}
